[{"pk": 1, "model": "data.section", "fields": {"lang": 0, "title": "Inicio", "in_footer": false, "in_menu": true, "weight_menu": 1, "weight_footer": null, "slug": "inicio"}}, {"pk": 2, "model": "data.section", "fields": {"lang": 0, "title": "Nosotros", "in_footer": true, "in_menu": true, "weight_menu": 2, "weight_footer": 2, "slug": "nosotros"}}, {"pk": 3, "model": "data.section", "fields": {"lang": 0, "title": "Soluciones", "in_footer": true, "in_menu": true, "weight_menu": 3, "weight_footer": 3, "slug": "soluciones"}}, {"pk": 4, "model": "data.section", "fields": {"lang": 0, "title": "Contacto", "in_footer": true, "in_menu": true, "weight_menu": 4, "weight_footer": 1, "slug": "contacto"}}, {"pk": 5, "model": "data.section", "fields": {"lang": 0, "title": "Focus USA", "in_footer": false, "in_menu": true, "weight_menu": 5, "weight_footer": null, "slug": "focus-usa"}}, {"pk": 6, "model": "data.section", "fields": {"lang": 1, "title": "Home", "in_footer": false, "in_menu": true, "weight_menu": 1, "weight_footer": null, "slug": "home"}}, {"pk": 7, "model": "data.section", "fields": {"lang": 1, "title": "About us", "in_footer": true, "in_menu": true, "weight_menu": 2, "weight_footer": 2, "slug": "about-us"}}, {"pk": 8, "model": "data.section", "fields": {"lang": 1, "title": "Solutions", "in_footer": true, "in_menu": true, "weight_menu": 3, "weight_footer": 3, "slug": "solutions"}}, {"pk": 9, "model": "data.section", "fields": {"lang": 1, "title": "Contact", "in_footer": true, "in_menu": true, "weight_menu": 4, "weight_footer": 1, "slug": "contact"}}, {"pk": 10, "model": "data.section", "fields": {"lang": 1, "title": "Focus USA", "in_footer": false, "in_menu": true, "weight_menu": 5, "weight_footer": null, "slug": "focus2-usa"}}, {"pk": 11, "model": "data.section", "fields": {"lang": 0, "title": "Productos", "in_footer": true, "in_menu": false, "weight_menu": null, "weight_footer": 4, "slug": "productos"}}, {"pk": 12, "model": "data.section", "fields": {"lang": 1, "title": "Products", "in_footer": true, "in_menu": false, "weight_menu": null, "weight_footer": 4, "slug": "products"}}, {"pk": 13, "model": "data.section", "fields": {"lang": 0, "title": "general", "in_footer": false, "in_menu": false, "weight_menu": null, "weight_footer": null, "slug": "general"}}, {"pk": 14, "model": "data.section", "fields": {"lang": 1, "title": "general2", "in_footer": false, "in_menu": false, "weight_menu": null, "weight_footer": null, "slug": "general2"}}, {"pk": 1, "model": "data.data", "fields": {"text": "<em>Somos investigadores de mercados</em>\r\n\t\t\t\tConoce por qu\u00e9 somos diferentes", "section": 2}}, {"pk": 2, "model": "data.data", "fields": {"text": "Facilitar y generar informaci\u00f3n", "section": 2}}, {"pk": 3, "model": "data.data", "fields": {"text": "En FOCUS nos dedicamos a facilitar y generar \r\n\t\t\t\t\tinformaci\u00f3n para que nuestros clientes etiendan y conozcan mejor sus mercados y logren identificar las tendencias y factores que pudieran impactar en la venta, posicio amiento, aceptaci\u00f3n y desarrollo de sus productos, servicios o imagen. ", "section": 2}}, {"pk": 4, "model": "data.data", "fields": {"text": "En pocas palabras, somos <br />\r\n\t\t\t\tinvestigadores de mercados\u2026", "section": 2}}, {"pk": 5, "model": "data.data", "fields": {"text": "Ofrecemos soluciones integrales mediante nuestras propias metodolog\u00edas y las convencionales para ser un puente y una conexi\u00f3n entre nuestros clientes y sus clientes. Para que nuestros clientes tengan toda la informaci\u00f3n y el conocimiento necesario para poder tomar decisiones.", "section": 2}}, {"pk": 6, "model": "data.data", "fields": {"text": "Creemos que el valor de la investigaci\u00f3n est\u00e1 en usarla, no en hacerla. Por eso orientamos a nuestros clientes en c\u00f3mo hacer mejor uso de esa informaci\u00f3n que siempre ser\u00e1 oportuna, representativa y eficaz\u2026 hecha a la medida de cada cliente. Y todo, todo lo que hacemos lo desarrollamos bajo la m\u00e1s estricta \u00e9tica y confidencialidad.", "section": 2}}, {"pk": 7, "model": "data.data", "fields": {"text": "\u00bfPor qu\u00e9 Focus?", "section": 2}}, {"pk": 8, "model": "data.data", "fields": {"text": "Expertos en investigaci\u00f3n de mercados.", "section": 2}}, {"pk": 9, "model": "data.data", "fields": {"text": "Somos expertos en los mercados de la regi\u00f3n noroeste de M\u00e9xico y del sur de California, particularmente en el mercado hispano. ", "section": 2}}, {"pk": 10, "model": "data.data", "fields": {"text": "Quienes dirigimos FOCUS tenemos estudios de posgrado y el personal operativo/administrativo est\u00e1 especializado en la industria con estudios superiores.", "section": 2}}, {"pk": 11, "model": "data.data", "fields": {"text": "El equipo humano operativo es de casa. Es el m\u00e1s completo y capacitado de la regi\u00f3n. ", "section": 2}}, {"pk": 12, "model": "data.data", "fields": {"text": "Tenemos una estructura organizacional donde cada quien es experto en lo que hace y se enfoca s\u00f3lo en lo que mejor sabe hacer.", "section": 2}}, {"pk": 13, "model": "data.data", "fields": {"text": "FOCUS-Tijuana opera con base en ISO-9001.", "section": 2}}, {"pk": 14, "model": "data.data", "fields": {"text": "\u00c9tica e imparcialidad.", "section": 2}}, {"pk": 15, "model": "data.data", "fields": {"text": "Experiencia.", "section": 2}}, {"pk": 16, "model": "data.data", "fields": {"text": "Cobertura.", "section": 2}}, {"pk": 17, "model": "data.data", "fields": {"text": "Tecnolog\u00eda.", "section": 2}}, {"pk": 18, "model": "data.data", "fields": {"text": "Compromiso.", "section": 2}}, {"pk": 19, "model": "data.data", "fields": {"text": "Infraestructura.", "section": 2}}, {"pk": 20, "model": "data.data", "fields": {"text": "Un poco de historia", "section": 2}}, {"pk": 21, "model": "data.data", "fields": {"text": "En un tiempo en el que en Mexicali, Tijuana y en Baja California la investigaci\u00f3n de mercados era algo poco conocido o mal entendido, dos mercad\u00f3logos apasionados y con muchas ganas de hacer algo diferente empezaron a generar un cambio en la regi\u00f3n con la creaci\u00f3n de FOCUS.", "section": 2}}, {"pk": 22, "model": "data.data", "fields": {"text": "Ver m\u00e1s", "section": 2}}, {"pk": 23, "model": "data.data", "fields": {"text": "soluciones", "section": 2}}, {"pk": 24, "model": "data.data", "fields": {"text": "<span class=\"date\">1998</span> Cobertura en Mexicali Baja California", "section": 2}}, {"pk": 25, "model": "data.data", "fields": {"text": "<span class=\"date\">2000</span> Apertura de oficinas en Tijuana", "section": 2}}, {"pk": 26, "model": "data.data", "fields": {"text": "<span class=\"date\">2010</span> Operaci\u00f3n a nivel nacional", "section": 2}}, {"pk": 27, "model": "data.data", "fields": {"text": "<span class=\"date\">2011</span> Mercado hispano del Sur de California", "section": 2}}, {"pk": 28, "model": "data.data", "fields": {"text": "<em>Juan Carlos Ochoa</em> Director", "section": 2}}, {"pk": 29, "model": "data.data", "fields": {"text": "(664) 634 2930 y 634 2815", "section": 2}}, {"pk": 30, "model": "data.data", "fields": {"text": "Escribir a Juan Carlos Ochoa", "section": 2}}, {"pk": 31, "model": "data.data", "fields": {"text": "juancarlos@focus.com.mx", "section": 2}}, {"pk": 32, "model": "data.data", "fields": {"text": "<em>Omar Dayan</em> Director", "section": 2}}, {"pk": 33, "model": "data.data", "fields": {"text": "(664) 634 2930 y 634 2815", "section": 2}}, {"pk": 34, "model": "data.data", "fields": {"text": "Escribir a Omar Dayan", "section": 2}}, {"pk": 35, "model": "data.data", "fields": {"text": "omar@focus.com.mx", "section": 2}}, {"pk": 36, "model": "data.data", "fields": {"text": "Infraestructura", "section": 2}}, {"pk": 37, "model": "data.data", "fields": {"text": "Instalaciones", "section": 2}}, {"pk": 38, "model": "data.data", "fields": {"text": "Nuestra infraestructura \r\n\t\t\t\tnos permite ofrecer \r\n\t\t\t\tpr\u00e1cticamente cualquier \r\n\t\t\t\ttipo de estudio de mercado \r\n\t\t\t\tque existe.", "section": 2}}, {"pk": 39, "model": "data.data", "fields": {"text": "Tecnolog\u00eda", "section": 2}}, {"pk": 40, "model": "data.data", "fields": {"text": "\u00a1Adi\u00f3s al papel! FOCUS \r\n\t\t\t\tutiliza tabletas para levantar \r\n\t\t\t\tla informaci\u00f3n.", "section": 2}}, {"pk": 41, "model": "data.data", "fields": {"text": "C\u00e1mara Gesell", "section": 2}}, {"pk": 42, "model": "data.data", "fields": {"text": "En FOCUS tenemos la \r\n\t\t\t\tmejor c\u00e1mara de Gesell \r\n\t\t\t\tde la regi\u00f3n", "section": 2}}, {"pk": 43, "model": "data.data", "fields": {"text": "Vehiculos", "section": 2}}, {"pk": 44, "model": "data.data", "fields": {"text": "Contamos con nuestra propia \r\n\t\t\t\tflotilla de veh\u00edculos para \r\n\t\t\t\tdesplazar al amplio equipo de \r\n\t\t\t\tencuestadores y validadores \r\n\t\t\t\tpermanentes.", "section": 2}}, {"pk": 45, "model": "data.data", "fields": {"text": "Experiencia", "section": 2}}, {"pk": 46, "model": "data.data", "fields": {"text": "Hemos tenido el gusto de colaborar con \r\n\t\t\t\tempresas regionales, nacionales e \r\n\t\t\t\tinternacionales, tanto de la iniciativa \r\n\t\t\t\tprivada como la del sector p\u00fablico, \r\n\t\t\t\testableciendo con ellos relaciones a largo\r\n\t\t\t\tplazo. En todos los casos nos hemos \r\n\t\t\t\tesforzado por proporcionar informaci\u00f3n \r\n\t\t\t\tfresca, confiable y de primera mano para \r\n\t\t\t\tla correcta toma de decisiones.", "section": 2}}, {"pk": 47, "model": "data.data", "fields": {"text": "Clientes", "section": 2}}, {"pk": 48, "model": "data.data", "fields": {"text": "Agencias", "section": 2}}, {"pk": 49, "model": "data.data", "fields": {"text": "Heidelberg", "section": 2}}, {"pk": 50, "model": "data.data", "fields": {"text": "Urbi vida residencial", "section": 2}}, {"pk": 51, "model": "data.data", "fields": {"text": "Carl's Jr", "section": 2}}, {"pk": 52, "model": "data.data", "fields": {"text": "Cetys Universidad", "section": 2}}, {"pk": 53, "model": "data.data", "fields": {"text": "Bolbol", "section": 2}}, {"pk": 54, "model": "data.data", "fields": {"text": "MVS Radio", "section": 2}}, {"pk": 55, "model": "data.data", "fields": {"text": "Grupo Uniradio", "section": 2}}, {"pk": 56, "model": "data.data", "fields": {"text": "Heidelberg", "section": 2}}, {"pk": 57, "model": "data.data", "fields": {"text": "Agency 1", "section": 2}}, {"pk": 58, "model": "data.data", "fields": {"text": "Urbi vida residencial", "section": 2}}, {"pk": 59, "model": "data.data", "fields": {"text": "Carl's Jr", "section": 2}}, {"pk": 60, "model": "data.data", "fields": {"text": "Cetys Universidad", "section": 2}}, {"pk": 61, "model": "data.data", "fields": {"text": "Bolbol", "section": 2}}, {"pk": 62, "model": "data.data", "fields": {"text": "MVS Radio", "section": 2}}, {"pk": 63, "model": "data.data", "fields": {"text": "Grupo Uniradio", "section": 2}}, {"pk": 64, "model": "data.data", "fields": {"text": "Heidelberg", "section": 2}}, {"pk": 65, "model": "data.data", "fields": {"text": "Focus Vision Worldwide", "section": 2}}, {"pk": 66, "model": "data.data", "fields": {"text": "Lorem ipsum dolor sit amet, consectetuer adipiscing elit, sed diam nonummy nibh euismod tincidunt ut laoreet dolore magna aliquam erat volutpat. Ut wisi enim ad minim veniam, quis nostrud exerci tation ullamcorper suscipit lobortis nisl ut aliquip ex ea commodo consequat. ", "section": 2}}, {"pk": 67, "model": "data.data", "fields": {"text": "En FOCUS nos dedicamos a facilitar y generar informaci\u00f3n", "section": 2}}, {"pk": 68, "model": "data.data", "fields": {"text": "Ofrecemos soluciones integrales mediante nuestras propias metodolog\u00edas y las convencionales para ser un puente y una conexi\u00f3n entre nuestros clientes y sus clientes. ", "section": 2}}, {"pk": 69, "model": "data.data", "fields": {"text": "S\u00edguenos en facebook", "section": 13}}, {"pk": 70, "model": "data.data", "fields": {"text": "S\u00edguenos en twitter", "section": 13}}, {"pk": 71, "model": "data.data", "fields": {"text": "Investigaci\u00f3n de mercado", "section": 13}}, {"pk": 72, "model": "data.data", "fields": {"text": "Focus Investigaci\u00f3n de Mercados", "section": 13}}, {"pk": 73, "model": "data.data", "fields": {"text": "Santa Mar\u00eda #2841 Col. Am\u00e9rica \r\n\t\t\t\tTijuana B.C. 22044 \r\n\t\t\t\t(664) 634 2930 y (664) 634 2815\r\n\t\t\t\tcontactotij@focus.com.mx", "section": 13}}, {"pk": 74, "model": "data.data", "fields": {"text": "Zaragoza 1744 Colonia Nueva \r\n\t\t\t\tMexicali B.C. P 2100\r\n\t\t\t\t(686) 554 3347 y (686) 552 3345\r\n\t\t\t\tinfo@focus.com.mx", "section": 13}}, {"pk": 75, "model": "data.data", "fields": {"text": "cobertura", "section": 13}}, {"pk": 76, "model": "data.data", "fields": {"text": "<a href=\"/nosotros/quienes-somos\" title=\"Quienes Somos\">Quienes Somos</a>", "section": 13}}, {"pk": 77, "model": "data.data", "fields": {"text": "<a href=\"/nosotros/experiencia\" title=\"Experiencia\">Experiencia</a>", "section": 13}}, {"pk": 78, "model": "data.data", "fields": {"text": "<a href=\"/nosotros/historia\" title=\"Historia\">Historia</a>", "section": 13}}, {"pk": 79, "model": "data.data", "fields": {"text": "<a href=\"/nosotros/equipo\" title=\"Equipo\">Equipo</a>", "section": 13}}, {"pk": 80, "model": "data.data", "fields": {"text": "<a href=\"/nosotros/infraestructura\" title=\"Infraestructura\">Infraestructura</a>", "section": 13}}, {"pk": 81, "model": "data.data", "fields": {"text": "<a href=\"/soluciones/estudios-mercado\" title=\"Estudios de mercado\">Estudios de mercado</a>", "section": 13}}, {"pk": 82, "model": "data.data", "fields": {"text": "<a href=\"/soluciones/imagen-posicionamiento\" title=\"Imagen y Posicionamiento\">Imagen y Posicionamiento</a>", "section": 13}}, {"pk": 83, "model": "data.data", "fields": {"text": "<a href=\"/soluciones/factibilidad-mercado\" title=\"Factibilidad del Mercado\">Factibilidad del Mercado</a>", "section": 13}}, {"pk": 84, "model": "data.data", "fields": {"text": "<a href=\"/soluciones/habitos-consumo\" title=\"H\u00e1bitos de consumo\">H\u00e1bitos de consumo</a>", "section": 13}}, {"pk": 85, "model": "data.data", "fields": {"text": "<a href=\"/soluciones/evaluacion-servicio-cliente\" title=\"Evaluaci\u00f3n de servicio al cliente\">Evaluaci\u00f3n de servicio al cliente</a>", "section": 13}}, {"pk": 86, "model": "data.data", "fields": {"text": "<a href=\"/soluciones/analisis-competencia\" title=\"Analisis de competencia\">Analisis de competencia</a>", "section": 13}}, {"pk": 87, "model": "data.data", "fields": {"text": "<a href=\"/soluciones/evaluacion-campanas\" title=\"Evaluaci\u00f3n de campa\u00f1as publicitarias\">Evaluaci\u00f3n de campa\u00f1as publicitarias</a>", "section": 13}}, {"pk": 88, "model": "data.data", "fields": {"text": "<a href=\"/soluciones/auditoria-servicio\" title=\"Auditor\u00eda del servicio\">Auditor\u00eda del servicio</a>", "section": 13}}, {"pk": 89, "model": "data.data", "fields": {"text": "<a href=\"/soluciones/censos-comerciales-mapas\" title=\"Censos comerciales y Mapas\">Censos comerciales y Mapas</a>", "section": 13}}, {"pk": 90, "model": "data.data", "fields": {"text": "<a href=\"/soluciones/grupos-foco\" title=\"Grupos de foco\">Grupos de foco</a>", "section": 13}}, {"pk": 91, "model": "data.data", "fields": {"text": "<a href=\"/soluciones/sondeos\" title=\"Sondeos de Opini\u00f3n P\u00fablica\">Sondeos de Opini\u00f3n P\u00fablica</a>", "section": 13}}, {"pk": 92, "model": "data.data", "fields": {"text": "<a href=\"/soluciones/imagen-percepcion-gobierno\" title=\"Imagen y Percepci\u00f3n del gobierno\">Imagen y Percepci\u00f3n del gobierno</a>", "section": 13}}, {"pk": 93, "model": "data.data", "fields": {"text": "<a href=\"/soluciones/encuestas-electorales-politicas\" title=\"Encuestas electorales y pol\u00edticas\">Encuestas electorales y pol\u00edticas</a>", "section": 13}}, {"pk": 94, "model": "data.data", "fields": {"text": "<a href=\"/soluciones/imagen-personajes-publicos\" title=\"Imagen de personajes p\u00fablicos\">Imagen de personajes p\u00fablicos</a>", "section": 13}}, {"pk": 95, "model": "data.data", "fields": {"text": "<a href=\"/soluciones/encuestas-opinion\" title=\"Encuestas de opini\u00f3n\">Encuestas de opini\u00f3n</a>", "section": 13}}, {"pk": 96, "model": "data.data", "fields": {"text": "<a href=\"/soluciones/asesoria-mercadotecnia\" title=\"Asesor\u00eda en Mercadotecnia\"><em>Asesor\u00eda en Mercadotecnia</em></a>", "section": 13}}, {"pk": 97, "model": "data.data", "fields": {"text": "<a href=\"/soluciones/asesoria-mercadotecnia/pruebas-ideas-conceptos\" title=\"Pruebas de ideas y conceptos\">Pruebas de ideas y conceptos</a>", "section": 13}}, {"pk": 98, "model": "data.data", "fields": {"text": "<a href=\"/soluciones/asesoria-mercadotecnia/panel-mercadologos\" title=\"Panel de mercad\u00f3logos\">Panel de mercad\u00f3logos</a>", "section": 13}}, {"pk": 99, "model": "data.data", "fields": {"text": "<a href=\"/soluciones/asesoria-mercadotecnia\" title=\"Asesor\u00eda en mercadotecnia\">Asesor\u00eda en mercadotecnia</a>", "section": 13}}, {"pk": 100, "model": "data.data", "fields": {"text": "<a href=\"/productos/previa\" title=\"Previa\">Previa</a>", "section": 13}}, {"pk": 101, "model": "data.data", "fields": {"text": "<a href=\"/productos/unbus\" title=\"UNBUS\">UNBUS</a>", "section": 13}}, {"pk": 102, "model": "data.data", "fields": {"text": "<a href=\"/productos/camara-gesell\" title=\"C\u00e1mara Gesell\">C\u00e1mara Gesell</a>", "section": 13}}, {"pk": 103, "model": "data.data", "fields": {"text": "<a href=\"/soluciones/apoyo-logistico-campo\" title=\"Apoyo Logistico de Campo\">Apoyo Logistico de Campo</a>", "section": 13}}, {"pk": 104, "model": "data.data", "fields": {"text": "<a href=\"/cobertura\" title=\"Cobertura\">Cobertura</a>", "section": 13}}, {"pk": 105, "model": "data.data", "fields": {"text": "<a href=\"/hispanic-market-research\" title=\"Hispanic Market Research\">Hispanic Market Research</a>", "section": 13}}, {"pk": 106, "model": "data.data", "fields": {"text": "Todos los derechos reservados FOCUS Investigaci\u00f3n de Mercados", "section": 13}}, {"pk": 107, "model": "data.data", "fields": {"text": "<em>Controla y optimiza tu informaci\u00f3n</em><a href=\"/soluciones/productos-focus/previa\" title=\"Conoce m\u00e1s acerca de Previa\"> Conoce mas acerca de: <span class=\"previa\">Previa</span></a>", "section": 3}}, {"pk": 108, "model": "data.data", "fields": {"text": "<em>Controla y optimiza tu informaci\u00f3n</em><a href=\"/soluciones/productos-focus/previa\" title=\"Conoce m\u00e1s acerca de Previa\">Conoce mas acerca de: <span class=\"previa\">Previa</span></a>", "section": 8}}, {"pk": 109, "model": "data.data", "fields": {"text": "Habr\u00e1 ocasiones en las que nuestros clientes se pregunten qu\u00e9 es exactamente lo que pueden obtener de la contrataci\u00f3n de una investigaci\u00f3n de mercado, o bien, no saben exactamente qu\u00e9 deben preguntar o con qu\u00e9 t\u00e9cnica para obtener informaci\u00f3n de su mercado y poder tomar una decisi\u00f3n estrat\u00e9gica. <strong>S\u00f3lo revisa con qu\u00e9 pregunta te identificas y nosotros nos encargamos del resto</strong>.", "section": 3}}, {"pk": 110, "model": "data.data", "fields": {"text": "Habr\u00e1 ocasiones en las que nuestros clientes se pregunten qu\u00e9 es exactamente lo que pueden obtener de la contrataci\u00f3n de una investigaci\u00f3n de mercado, o bien, no saben exactamente qu\u00e9 deben preguntar o con qu\u00e9 t\u00e9cnica para obtener informaci\u00f3n de su mercado y poder tomar una decisi\u00f3n estrat\u00e9gica. <strong>S\u00f3lo revisa con qu\u00e9 pregunta te identificas y nosotros nos encargamos del resto</strong>.", "section": 8}}, {"pk": 111, "model": "data.data", "fields": {"text": "Tenemos<br /> soluciones", "section": 3}}, {"pk": 112, "model": "data.data", "fields": {"text": "Tenemos<br /> soluciones", "section": 8}}, {"pk": 113, "model": "data.data", "fields": {"text": "<a href=\"/soluciones/estudios-mercado/imagen-posicionamiento\" title=\"Estudios de mercado\">Estudios de<br /> mercado</a>", "section": 3}}, {"pk": 114, "model": "data.data", "fields": {"text": "<a href=\"/soluciones/estudios-mercado/imagen-posicionamiento\" title=\"Estudios de mercado\">Estudios de<br /> mercado</a>", "section": 8}}, {"pk": 115, "model": "data.data", "fields": {"text": "<a href=\"/soluciones/estudios-mercado/imagen-posicionamiento\" title=\"Imagen y Posicionamiento\">Imagen y Posicionamiento</a>", "section": 3}}, {"pk": 116, "model": "data.data", "fields": {"text": "<a href=\"/soluciones/estudios-mercado/imagen-posicionamiento\" title=\"Imagen y Posicionamiento\">Imagen y Posicionamiento</a>", "section": 8}}, {"pk": 117, "model": "data.data", "fields": {"text": "<a href=\"/soluciones/estudios-mercado/factibilidad-mercado\" title=\"Factibilidad del Mercado\">Factibilidad del Mercado</a>", "section": 3}}, {"pk": 118, "model": "data.data", "fields": {"text": "<a href=\"/soluciones/estudios-mercado/factibilidad-mercado\" title=\"Factibilidad del Mercado\">Factibilidad del Mercado</a>", "section": 8}}, {"pk": 119, "model": "data.data", "fields": {"text": "<a href=\"/soluciones/estudios-mercado/habitos-mercado\" title=\"H\u00e1bitos de consumo\">H\u00e1bitos de consumo</a>", "section": 3}}, {"pk": 120, "model": "data.data", "fields": {"text": "<a href=\"/soluciones/estudios-mercado/habitos-mercado\" title=\"H\u00e1bitos de consumo\">H\u00e1bitos de consumo</a>", "section": 8}}, {"pk": 121, "model": "data.data", "fields": {"text": "<a href=\"/soluciones/estudios-mercado/evaluacion-servicio-cliente\" title=\"Evaluaci\u00f3n de servicio al cliente\">Evaluaci\u00f3n de servicio al cliente</a>", "section": 3}}, {"pk": 122, "model": "data.data", "fields": {"text": "<a href=\"/soluciones/estudios-mercado/evaluacion-servicio-cliente\" title=\"Evaluaci\u00f3n de servicio al cliente\">Evaluaci\u00f3n de servicio al cliente</a>", "section": 8}}, {"pk": 123, "model": "data.data", "fields": {"text": "<a href=\"/soluciones/estudios-mercado/analisis-competencia\" title=\"Analisis de competencia\">Analisis de competencia</a>", "section": 3}}, {"pk": 124, "model": "data.data", "fields": {"text": "<a href=\"/soluciones/estudios-mercado/analisis-competencia\" title=\"Analisis de competencia\">Analisis de competencia</a>", "section": 8}}, {"pk": 125, "model": "data.data", "fields": {"text": "<a href=\"/soluciones/estudios-mercado/evaluacion-campanas-publicitarias\" title=\"Evaluaci\u00f3n de campa\u00f1as publicitarias\">Evaluaci\u00f3n de campa\u00f1as de publicitarias</a>", "section": 3}}, {"pk": 126, "model": "data.data", "fields": {"text": "<a href=\"/soluciones/estudios-mercado/evaluacion-campanas-publicitarias\" title=\"Evaluaci\u00f3n de campa\u00f1as publicitarias\">Evaluaci\u00f3n de campa\u00f1as de publicitarias</a>", "section": 8}}, {"pk": 127, "model": "data.data", "fields": {"text": "<a href=\"/soluciones/estudios-mercado/auditoria-servicio\" title=\"Auditor\u00eda del servicio\">Auditor\u00eda del servicio</a>", "section": 3}}, {"pk": 128, "model": "data.data", "fields": {"text": "<a href=\"/soluciones/estudios-mercado/auditoria-servicio\" title=\"Auditor\u00eda del servicio\">Auditor\u00eda del servicio</a>", "section": 8}}, {"pk": 129, "model": "data.data", "fields": {"text": "<a href=\"/soluciones/estudios-mercado/censos-comerciales-mapas\" title=\"Censos comerciales y mapas\">Censos comerciales y mapas</a>", "section": 3}}, {"pk": 130, "model": "data.data", "fields": {"text": "<a href=\"/soluciones/estudios-mercado/censos-comerciales-mapas\" title=\"Censos comerciales y mapas\">Censos comerciales y mapas</a>", "section": 8}}, {"pk": 131, "model": "data.data", "fields": {"text": "<a href=\"/soluciones/estudios-mercado/grupos-foco\" title=\"Grupos de foco\">Grupos de foco</a>", "section": 3}}, {"pk": 132, "model": "data.data", "fields": {"text": "<a href=\"/soluciones/estudios-mercado/grupos-foco\" title=\"Grupos de foco\">Grupos de foco</a>", "section": 8}}, {"pk": 133, "model": "data.data", "fields": {"text": "<a href=\"/soluciones/sondeos-opinion-publica/imagen-posicionamiento\" title=\"Sondeos de opini\u00f3n p\u00fablica\">Sondeos de<br /> opini\u00f3n p\u00fablica</a>", "section": 3}}, {"pk": 134, "model": "data.data", "fields": {"text": "<a href=\"/soluciones/sondeos-opinion-publica/imagen-posicionamiento\" title=\"Sondeos de opini\u00f3n p\u00fablica\">Sondeos de<br /> opini\u00f3n p\u00fablica</a>", "section": 8}}, {"pk": 135, "model": "data.data", "fields": {"text": "<a href=\"/soluciones/sondeos-opinion-publica/imagen-posicionamiento\" title=\"Imagen y Percepci\u00f3n del gobierno\">Imagen y Percepci\u00f3n del gobierno</a>", "section": 3}}, {"pk": 136, "model": "data.data", "fields": {"text": "<a href=\"/soluciones/sondeos-opinion-publica/imagen-posicionamiento\" title=\"Imagen y Percepci\u00f3n del gobierno\">Imagen y Percepci\u00f3n del gobierno</a>", "section": 8}}, {"pk": 137, "model": "data.data", "fields": {"text": "<a href=\"/soluciones/sondeos-opinion-publica/encuestas-electorales-politicas\" title=\"Encuestas electorales y pol\u00edticas\">Encuestas electorales y pol\u00edticas</a>", "section": 3}}, {"pk": 138, "model": "data.data", "fields": {"text": "<a href=\"/soluciones/sondeos-opinion-publica/encuestas-electorales-politicas\" title=\"Encuestas electorales y pol\u00edticas\">Encuestas electorales y pol\u00edticas</a>", "section": 8}}, {"pk": 139, "model": "data.data", "fields": {"text": "<a href=\"/soluciones/sondeos-opinion-publica/imagen-personajes-publicos\" title=\"Imagen de personajes p\u00fablicos\">Imagen de personajes p\u00fablicos</a>", "section": 3}}, {"pk": 140, "model": "data.data", "fields": {"text": "<a href=\"/soluciones/sondeos-opinion-publica/imagen-personajes-publicos\" title=\"Imagen de personajes p\u00fablicos\">Imagen de personajes p\u00fablicos</a>", "section": 8}}, {"pk": 141, "model": "data.data", "fields": {"text": "<a href=\"/soluciones/sondeos-opinion-publica/encuestas-opinion\" title=\"Encuestas de opini\u00f3n\">Encuestas de opini\u00f3n</a>", "section": 3}}, {"pk": 142, "model": "data.data", "fields": {"text": "<a href=\"/soluciones/sondeos-opinion-publica/encuestas-opinion\" title=\"Encuestas de opini\u00f3n\">Encuestas de opini\u00f3n</a>", "section": 8}}, {"pk": 143, "model": "data.data", "fields": {"text": "<a href=\"/soluciones/asesoria-mercadotecnia/pruebas-ideas-conceptos\" title=\"Asesor\u00eda en mercadotecnia\">Asesor\u00eda en<br /> mercadotecnia</a>", "section": 3}}, {"pk": 144, "model": "data.data", "fields": {"text": "<a href=\"/soluciones/asesoria-mercadotecnia/pruebas-ideas-conceptos\" title=\"Asesor\u00eda en mercadotecnia\">Asesor\u00eda en<br /> mercadotecnia</a>", "section": 8}}, {"pk": 145, "model": "data.data", "fields": {"text": "<a href=\"/soluciones/asesoria-mercadotecnia/pruebas-ideas-conceptos\" title=\"Pruebas de ideas y conceptos\">Pruebas de ideas y conceptos</a>", "section": 3}}, {"pk": 146, "model": "data.data", "fields": {"text": "<a href=\"/soluciones/asesoria-mercadotecnia/pruebas-ideas-conceptos\" title=\"Pruebas de ideas y conceptos\">Pruebas de ideas y conceptos</a>", "section": 8}}, {"pk": 147, "model": "data.data", "fields": {"text": "<a href=\"/soluciones/asesoria-mercadotecnia/panel-mercadologos\" title=\"Panel de mercad\u00f3logos\">Panel de mercad\u00f3logos</a>", "section": 3}}, {"pk": 148, "model": "data.data", "fields": {"text": "<a href=\"/soluciones/asesoria-mercadotecnia/panel-mercadologos\" title=\"Panel de mercad\u00f3logos\">Panel de mercad\u00f3logos</a>", "section": 8}}, {"pk": 149, "model": "data.data", "fields": {"text": "<a href=\"/soluciones/asesoria-mercadotecnia/asesoria-mercadotecnia\" title=\"Asesor\u00eda en mercadotecnia\">Asesor\u00eda en mercadotecnia</a>", "section": 3}}, {"pk": 150, "model": "data.data", "fields": {"text": "<a href=\"/soluciones/asesoria-mercadotecnia/asesoria-mercadotecnia\" title=\"Asesor\u00eda en mercadotecnia\">Asesor\u00eda en mercadotecnia</a>", "section": 8}}, {"pk": 151, "model": "data.data", "fields": {"text": "<a href=\"/soluciones/hispanic-market-research/hispanic-market-research\" title=\"Hispanic market research\">Hispanic market<br /> research</a>", "section": 3}}, {"pk": 152, "model": "data.data", "fields": {"text": "<a href=\"/soluciones/hispanic-market-research/hispanic-market-research\" title=\"Hispanic market research\">Hispanic market<br /> research</a>", "section": 8}}, {"pk": 153, "model": "data.data", "fields": {"text": "<a href=\"/soluciones/hispanic-market-research/hispanic-market-research\" title=\"Investigaci\u00f3n del mercado hispano\">Investigaci\u00f3n del mercado hispano\r\n\t\t\t\t\tdel Sur de California</a>", "section": 3}}, {"pk": 154, "model": "data.data", "fields": {"text": "<a href=\"/soluciones/hispanic-market-research/hispanic-market-research\" title=\"Investigaci\u00f3n del mercado hispano\">Investigaci\u00f3n del mercado hispano\r\n\t\t\t\t\tdel Sur de California</a>", "section": 8}}, {"pk": 155, "model": "data.data", "fields": {"text": "<a href=\"/soluciones/apoyo-logistico-campo/apoyo-logistico-campo\" title=\"Apoyo log\u00edstico de campo\">Apoyo log\u00edstico<br /> de campo</a>", "section": 3}}, {"pk": 156, "model": "data.data", "fields": {"text": "<a href=\"/soluciones/apoyo-logistico-campo/apoyo-logistico-campo\" title=\"Apoyo log\u00edstico de campo\">Apoyo log\u00edstico<br /> de campo</a>", "section": 8}}, {"pk": 157, "model": "data.data", "fields": {"text": "<a href=\"/soluciones/apoyo-logistico-campo/apoyo-logistico-campo\" title=\"Apoyo log\u00edstico de campo\">Aplicaci\u00f3n de entrevistas y\r\n\t\t\t\t\tsupervisi\u00f3n de estudios cuantitativos.\r\n\t\t\t\t\t</a>", "section": 3}}, {"pk": 158, "model": "data.data", "fields": {"text": "<a href=\"/soluciones/apoyo-logistico-campo/apoyo-logistico-campo\" title=\"Apoyo log\u00edstico de campo\">Aplicaci\u00f3n de entrevistas y\r\n\t\t\t\t\tsupervisi\u00f3n de estudios cuantitativos.\r\n\t\t\t\t\t</a>", "section": 8}}, {"pk": 159, "model": "data.data", "fields": {"text": "<a href=\"/soluciones/productos-focus/unibus\" title=\"Productos focus\">Productos<br /> focus</a>", "section": 3}}, {"pk": 160, "model": "data.data", "fields": {"text": "<a href=\"/soluciones/productos-focus/unibus\" title=\"Productos focus\">Productos<br /> focus</a>", "section": 8}}, {"pk": 161, "model": "data.data", "fields": {"text": "<a href=\"/soluciones/productos-focus/unibus\" title=\"UNIBUS\"><span>UNIBUS</span></a>", "section": 3}}, {"pk": 162, "model": "data.data", "fields": {"text": "<a href=\"/soluciones/productos-focus/unibus\" title=\"UNIBUS\"><span>UNIBUS</span></a>", "section": 8}}, {"pk": 163, "model": "data.data", "fields": {"text": "<a href=\"/soluciones/productos-focus/previa\" title=\"PREVIA\"><span>PREVIA</span></a>", "section": 3}}, {"pk": 164, "model": "data.data", "fields": {"text": "<a href=\"/soluciones/productos-focus/previa\" title=\"PREVIA\"><span>PREVIA</span></a>", "section": 8}}, {"pk": 165, "model": "data.data", "fields": {"text": "<a href=\"/soluciones/productos-focus/camara-gesell\" title=\"C\u00e1mara Gesell\"><span>C\u00e1mara Gesell</span></a>", "section": 3}}, {"pk": 166, "model": "data.data", "fields": {"text": "<a href=\"/soluciones/productos-focus/camara-gesell\" title=\"C\u00e1mara Gesell\"><span>C\u00e1mara Gesell</span></a>", "section": 8}}, {"pk": 167, "model": "data.data", "fields": {"text": "S\u00edguenos en facebook", "section": 14}}, {"pk": 168, "model": "data.data", "fields": {"text": "S\u00edguenos en twitter", "section": 14}}, {"pk": 169, "model": "data.data", "fields": {"text": "Investigaci\u00f3n de mercado", "section": 14}}, {"pk": 170, "model": "data.data", "fields": {"text": "Focus Investigaci\u00f3n de Mercados", "section": 14}}, {"pk": 171, "model": "data.data", "fields": {"text": "Santa Mar\u00eda #2841 Col. Am\u00e9rica \r\n\t\t\t\tTijuana B.C. 22044 \r\n\t\t\t\t(664) 634 2930 y (664) 634 2815\r\n\t\t\t\tcontactotij@focus.com.mx", "section": 14}}, {"pk": 172, "model": "data.data", "fields": {"text": "Zaragoza 1744 Colonia Nueva \r\n\t\t\t\tMexicali B.C. P 2100\r\n\t\t\t\t(686) 554 3347 y (686) 552 3345\r\n\t\t\t\tinfo@focus.com.mx", "section": 14}}, {"pk": 173, "model": "data.data", "fields": {"text": "cobertura", "section": 14}}, {"pk": 174, "model": "data.data", "fields": {"text": "<a href=\"/nosotros/quienes-somos\" title=\"Quienes Somos\">Quienes Somos</a>", "section": 14}}, {"pk": 175, "model": "data.data", "fields": {"text": "<a href=\"/nosotros/experiencia\" title=\"Experiencia\">Experiencia</a>", "section": 14}}, {"pk": 176, "model": "data.data", "fields": {"text": "<a href=\"/nosotros/historia\" title=\"Historia\">Historia</a>", "section": 14}}, {"pk": 177, "model": "data.data", "fields": {"text": "<a href=\"/nosotros/equipo\" title=\"Equipo\">Equipo</a>", "section": 14}}, {"pk": 178, "model": "data.data", "fields": {"text": "<a href=\"/nosotros/infraestructura\" title=\"Infraestructura\">Infraestructura</a>", "section": 14}}, {"pk": 179, "model": "data.data", "fields": {"text": "<a href=\"/soluciones/estudios-mercado\" title=\"Estudios de mercado\">Estudios de mercado</a>", "section": 14}}, {"pk": 180, "model": "data.data", "fields": {"text": "<a href=\"/soluciones/imagen-posicionamiento\" title=\"Imagen y Posicionamiento\">Imagen y Posicionamiento</a>", "section": 14}}, {"pk": 181, "model": "data.data", "fields": {"text": "<a href=\"/soluciones/factibilidad-mercado\" title=\"Factibilidad del Mercado\">Factibilidad del Mercado</a>", "section": 14}}, {"pk": 182, "model": "data.data", "fields": {"text": "<a href=\"/soluciones/habitos-consumo\" title=\"H\u00e1bitos de consumo\">H\u00e1bitos de consumo</a>", "section": 14}}, {"pk": 183, "model": "data.data", "fields": {"text": "<a href=\"/soluciones/evaluacion-servicio-cliente\" title=\"Evaluaci\u00f3n de servicio al cliente\">Evaluaci\u00f3n de servicio al cliente</a>", "section": 14}}, {"pk": 184, "model": "data.data", "fields": {"text": "<a href=\"/soluciones/analisis-competencia\" title=\"Analisis de competencia\">Analisis de competencia</a>", "section": 14}}, {"pk": 185, "model": "data.data", "fields": {"text": "<a href=\"/soluciones/evaluacion-campanas\" title=\"Evaluaci\u00f3n de campa\u00f1as publicitarias\">Evaluaci\u00f3n de campa\u00f1as publicitarias</a>", "section": 14}}, {"pk": 186, "model": "data.data", "fields": {"text": "<a href=\"/soluciones/auditoria-servicio\" title=\"Auditor\u00eda del servicio\">Auditor\u00eda del servicio</a>", "section": 14}}, {"pk": 187, "model": "data.data", "fields": {"text": "<a href=\"/soluciones/censos-comerciales-mapas\" title=\"Censos comerciales y Mapas\">Censos comerciales y Mapas</a>", "section": 14}}, {"pk": 188, "model": "data.data", "fields": {"text": "<a href=\"/soluciones/grupos-foco\" title=\"Grupos de foco\">Grupos de foco</a>", "section": 14}}, {"pk": 189, "model": "data.data", "fields": {"text": "<a href=\"/soluciones/sondeos\" title=\"Sondeos de Opini\u00f3n P\u00fablica\">Sondeos de Opini\u00f3n P\u00fablica</a>", "section": 14}}, {"pk": 190, "model": "data.data", "fields": {"text": "<a href=\"/soluciones/imagen-percepcion-gobierno\" title=\"Imagen y Percepci\u00f3n del gobierno\">Imagen y Percepci\u00f3n del gobierno</a>", "section": 14}}, {"pk": 191, "model": "data.data", "fields": {"text": "<a href=\"/soluciones/encuestas-electorales-politicas\" title=\"Encuestas electorales y pol\u00edticas\">Encuestas electorales y pol\u00edticas</a>", "section": 14}}, {"pk": 192, "model": "data.data", "fields": {"text": "<a href=\"/soluciones/imagen-personajes-publicos\" title=\"Imagen de personajes p\u00fablicos\">Imagen de personajes p\u00fablicos</a>", "section": 14}}, {"pk": 193, "model": "data.data", "fields": {"text": "<a href=\"/soluciones/encuestas-opinion\" title=\"Encuestas de opini\u00f3n\">Encuestas de opini\u00f3n</a>", "section": 14}}, {"pk": 194, "model": "data.data", "fields": {"text": "<a href=\"/soluciones/asesoria-mercadotecnia\" title=\"Asesor\u00eda en Mercadotecnia\"><em>Asesor\u00eda en Mercadotecnia</em></a>", "section": 14}}, {"pk": 195, "model": "data.data", "fields": {"text": "<a href=\"/soluciones/asesoria-mercadotecnia/pruebas-ideas-conceptos\" title=\"Pruebas de ideas y conceptos\">Pruebas de ideas y conceptos</a>", "section": 14}}, {"pk": 196, "model": "data.data", "fields": {"text": "<a href=\"/soluciones/asesoria-mercadotecnia/panel-mercadologos\" title=\"Panel de mercad\u00f3logos\">Panel de mercad\u00f3logos</a>", "section": 14}}, {"pk": 197, "model": "data.data", "fields": {"text": "<a href=\"/soluciones/asesoria-mercadotecnia\" title=\"Asesor\u00eda en mercadotecnia\">Asesor\u00eda en mercadotecnia</a>", "section": 14}}, {"pk": 198, "model": "data.data", "fields": {"text": "<a href=\"/productos/previa\" title=\"Previa\">Previa</a>", "section": 14}}, {"pk": 199, "model": "data.data", "fields": {"text": "<a href=\"/productos/unbus\" title=\"UNBUS\">UNBUS</a>", "section": 14}}, {"pk": 200, "model": "data.data", "fields": {"text": "<a href=\"/productos/camara-gesell\" title=\"C\u00e1mara Gesell\">C\u00e1mara Gesell</a>", "section": 14}}, {"pk": 201, "model": "data.data", "fields": {"text": "<a href=\"/soluciones/apoyo-logistico-campo\" title=\"Apoyo Logistico de Campo\">Apoyo Logistico de Campo</a>", "section": 14}}, {"pk": 202, "model": "data.data", "fields": {"text": "<a href=\"/cobertura\" title=\"Cobertura\">Cobertura</a>", "section": 14}}, {"pk": 203, "model": "data.data", "fields": {"text": "<a href=\"/hispanic-market-research\" title=\"Hispanic Market Research\">Hispanic Market Research</a>", "section": 14}}, {"pk": 204, "model": "data.data", "fields": {"text": "Todos los derechos reservados FOCUS Investigaci\u00f3n de Mercados", "section": 14}}, {"pk": 205, "model": "data.data", "fields": {"text": "<em>Somos investigadores de mercados</em>\r\n\t\t\t\tConoce por qu\u00e9 somos diferentes", "section": 7}}, {"pk": 206, "model": "data.data", "fields": {"text": "Facilitar y generar informaci\u00f3n", "section": 7}}, {"pk": 207, "model": "data.data", "fields": {"text": "En FOCUS nos dedicamos a facilitar y generar \r\n\t\t\t\t\tinformaci\u00f3n para que nuestros clientes etiendan y conozcan mejor sus mercados y logren identificar las tendencias y factores que pudieran impactar en la venta, posicio amiento, aceptaci\u00f3n y desarrollo de sus productos, servicios o imagen. ", "section": 7}}, {"pk": 208, "model": "data.data", "fields": {"text": "En pocas palabras, somos <br />\r\n\t\t\t\tinvestigadores de mercados\u2026", "section": 7}}, {"pk": 209, "model": "data.data", "fields": {"text": "Ofrecemos soluciones integrales mediante nuestras propias metodolog\u00edas y las convencionales para ser un puente y una conexi\u00f3n entre nuestros clientes y sus clientes. Para que nuestros clientes tengan toda la informaci\u00f3n y el conocimiento necesario para poder tomar decisiones.", "section": 7}}, {"pk": 210, "model": "data.data", "fields": {"text": "Creemos que el valor de la investigaci\u00f3n est\u00e1 en usarla, no en hacerla. Por eso orientamos a nuestros clientes en c\u00f3mo hacer mejor uso de esa informaci\u00f3n que siempre ser\u00e1 oportuna, representativa y eficaz\u2026 hecha a la medida de cada cliente. Y todo, todo lo que hacemos lo desarrollamos bajo la m\u00e1s estricta \u00e9tica y confidencialidad.", "section": 7}}, {"pk": 211, "model": "data.data", "fields": {"text": "\u00bfPor qu\u00e9 Focus?", "section": 7}}, {"pk": 212, "model": "data.data", "fields": {"text": "Expertos en investigaci\u00f3n de mercados.", "section": 7}}, {"pk": 213, "model": "data.data", "fields": {"text": "Somos expertos en los mercados de la regi\u00f3n noroeste de M\u00e9xico y del sur de California, particularmente en el mercado hispano. ", "section": 7}}, {"pk": 214, "model": "data.data", "fields": {"text": "Quienes dirigimos FOCUS tenemos estudios de posgrado y el personal operativo/administrativo est\u00e1 especializado en la industria con estudios superiores.", "section": 7}}, {"pk": 215, "model": "data.data", "fields": {"text": "El equipo humano operativo es de casa. Es el m\u00e1s completo y capacitado de la regi\u00f3n. ", "section": 7}}, {"pk": 216, "model": "data.data", "fields": {"text": "Tenemos una estructura organizacional donde cada quien es experto en lo que hace y se enfoca s\u00f3lo en lo que mejor sabe hacer.", "section": 7}}, {"pk": 217, "model": "data.data", "fields": {"text": "FOCUS-Tijuana opera con base en ISO-9001.", "section": 7}}, {"pk": 218, "model": "data.data", "fields": {"text": "\u00c9tica e imparcialidad.", "section": 7}}, {"pk": 219, "model": "data.data", "fields": {"text": "Experiencia.", "section": 7}}, {"pk": 220, "model": "data.data", "fields": {"text": "Cobertura.", "section": 7}}, {"pk": 221, "model": "data.data", "fields": {"text": "Tecnolog\u00eda.", "section": 7}}, {"pk": 222, "model": "data.data", "fields": {"text": "Compromiso.", "section": 7}}, {"pk": 223, "model": "data.data", "fields": {"text": "Infraestructura.", "section": 7}}, {"pk": 224, "model": "data.data", "fields": {"text": "Un poco de historia", "section": 7}}, {"pk": 225, "model": "data.data", "fields": {"text": "En un tiempo en el que en Mexicali, Tijuana y en Baja California la investigaci\u00f3n de mercados era algo poco conocido o mal entendido, dos mercad\u00f3logos apasionados y con muchas ganas de hacer algo diferente empezaron a generar un cambio en la regi\u00f3n con la creaci\u00f3n de FOCUS.", "section": 7}}, {"pk": 226, "model": "data.data", "fields": {"text": "Ver m\u00e1s", "section": 7}}, {"pk": 227, "model": "data.data", "fields": {"text": "soluciones", "section": 7}}, {"pk": 228, "model": "data.data", "fields": {"text": "<span class=\"date\">1998</span> Cobertura en Mexicali Baja California", "section": 7}}, {"pk": 229, "model": "data.data", "fields": {"text": "<span class=\"date\">2000</span> Apertura de oficinas en Tijuana", "section": 7}}, {"pk": 230, "model": "data.data", "fields": {"text": "<span class=\"date\">2010</span> Operaci\u00f3n a nivel nacional", "section": 7}}, {"pk": 231, "model": "data.data", "fields": {"text": "<span class=\"date\">2011</span> Mercado hispano del Sur de California", "section": 7}}, {"pk": 232, "model": "data.data", "fields": {"text": "<em>Juan Carlos Ochoa</em> Director", "section": 7}}, {"pk": 233, "model": "data.data", "fields": {"text": "(664) 634 2930 y 634 2815", "section": 7}}, {"pk": 234, "model": "data.data", "fields": {"text": "Escribir a Juan Carlos Ochoa", "section": 7}}, {"pk": 235, "model": "data.data", "fields": {"text": "juancarlos@focus.com.mx", "section": 7}}, {"pk": 236, "model": "data.data", "fields": {"text": "<em>Omar Dayan</em> Director", "section": 7}}, {"pk": 237, "model": "data.data", "fields": {"text": "(664) 634 2930 y 634 2815", "section": 7}}, {"pk": 238, "model": "data.data", "fields": {"text": "Escribir a Omar Dayan", "section": 7}}, {"pk": 239, "model": "data.data", "fields": {"text": "omar@focus.com.mx", "section": 7}}, {"pk": 240, "model": "data.data", "fields": {"text": "Infraestructura", "section": 7}}, {"pk": 241, "model": "data.data", "fields": {"text": "Instalaciones", "section": 7}}, {"pk": 242, "model": "data.data", "fields": {"text": "Nuestra infraestructura \r\n\t\t\t\tnos permite ofrecer \r\n\t\t\t\tpr\u00e1cticamente cualquier \r\n\t\t\t\ttipo de estudio de mercado \r\n\t\t\t\tque existe.", "section": 7}}, {"pk": 243, "model": "data.data", "fields": {"text": "Tecnolog\u00eda", "section": 7}}, {"pk": 244, "model": "data.data", "fields": {"text": "\u00a1Adi\u00f3s al papel! FOCUS \r\n\t\t\t\tutiliza tabletas para levantar \r\n\t\t\t\tla informaci\u00f3n.", "section": 7}}, {"pk": 245, "model": "data.data", "fields": {"text": "C\u00e1mara Gesell", "section": 7}}, {"pk": 246, "model": "data.data", "fields": {"text": "En FOCUS tenemos la \r\n\t\t\t\tmejor c\u00e1mara de Gesell \r\n\t\t\t\tde la regi\u00f3n", "section": 7}}, {"pk": 247, "model": "data.data", "fields": {"text": "Vehiculos", "section": 7}}, {"pk": 248, "model": "data.data", "fields": {"text": "Contamos con nuestra propia \r\n\t\t\t\tflotilla de veh\u00edculos para \r\n\t\t\t\tdesplazar al amplio equipo de \r\n\t\t\t\tencuestadores y validadores \r\n\t\t\t\tpermanentes.", "section": 7}}, {"pk": 249, "model": "data.data", "fields": {"text": "Experiencia", "section": 7}}, {"pk": 250, "model": "data.data", "fields": {"text": "Hemos tenido el gusto de colaborar con \r\n\t\t\t\tempresas regionales, nacionales e \r\n\t\t\t\tinternacionales, tanto de la iniciativa \r\n\t\t\t\tprivada como la del sector p\u00fablico, \r\n\t\t\t\testableciendo con ellos relaciones a largo\r\n\t\t\t\tplazo. En todos los casos nos hemos \r\n\t\t\t\tesforzado por proporcionar informaci\u00f3n \r\n\t\t\t\tfresca, confiable y de primera mano para \r\n\t\t\t\tla correcta toma de decisiones.", "section": 7}}, {"pk": 251, "model": "data.data", "fields": {"text": "Clientes", "section": 7}}, {"pk": 252, "model": "data.data", "fields": {"text": "Agencias", "section": 7}}, {"pk": 253, "model": "data.data", "fields": {"text": "Heidelberg", "section": 7}}, {"pk": 254, "model": "data.data", "fields": {"text": "Urbi vida residencial", "section": 7}}, {"pk": 255, "model": "data.data", "fields": {"text": "Carl's Jr", "section": 7}}, {"pk": 256, "model": "data.data", "fields": {"text": "Cetys Universidad", "section": 7}}, {"pk": 257, "model": "data.data", "fields": {"text": "Bolbol", "section": 7}}, {"pk": 258, "model": "data.data", "fields": {"text": "MVS Radio", "section": 7}}, {"pk": 259, "model": "data.data", "fields": {"text": "Grupo Uniradio", "section": 7}}, {"pk": 260, "model": "data.data", "fields": {"text": "Heidelberg", "section": 7}}, {"pk": 261, "model": "data.data", "fields": {"text": "Agency 1", "section": 7}}, {"pk": 262, "model": "data.data", "fields": {"text": "Urbi vida residencial", "section": 7}}, {"pk": 263, "model": "data.data", "fields": {"text": "Carl's Jr", "section": 7}}, {"pk": 264, "model": "data.data", "fields": {"text": "Cetys Universidad", "section": 7}}, {"pk": 265, "model": "data.data", "fields": {"text": "Bolbol", "section": 7}}, {"pk": 266, "model": "data.data", "fields": {"text": "MVS Radio", "section": 7}}, {"pk": 267, "model": "data.data", "fields": {"text": "Grupo Uniradio", "section": 7}}, {"pk": 268, "model": "data.data", "fields": {"text": "Heidelberg", "section": 7}}, {"pk": 269, "model": "data.data", "fields": {"text": "Focus Vision Worldwide", "section": 7}}, {"pk": 270, "model": "data.data", "fields": {"text": "Lorem ipsum dolor sit amet, consectetuer adipiscing elit, sed diam nonummy nibh euismod tincidunt ut laoreet dolore magna aliquam erat volutpat. Ut wisi enim ad minim veniam, quis nostrud exerci tation ullamcorper suscipit lobortis nisl ut aliquip ex ea commodo consequat. ", "section": 7}}, {"pk": 271, "model": "data.data", "fields": {"text": "En FOCUS nos dedicamos a facilitar y generar informaci\u00f3n", "section": 7}}, {"pk": 272, "model": "data.data", "fields": {"text": "Ofrecemos soluciones integrales mediante nuestras propias metodolog\u00edas y las convencionales para ser un puente y una conexi\u00f3n entre nuestros clientes y sus clientes. ", "section": 7}}, {"pk": 1, "model": "data.solutions", "fields": {"url": "imagen-posicionamiento", "text": "<p>El estudio de imagen y posicionamiento se desarrolla para conocer qu\u00e9 marcas, productos o servicios tiene el consumidor como referencia en su mente. Sirve para identificar c\u00f3mo perciben y eval\u00faan los consumidores una marca, sus productos, sus servicios y sus esfuerzos de comunicaci\u00f3n. A su vez, permite a nuestros clientes formular, orientar y modificar el mensaje dirigido a sus clientes. \r\n\t\t\t\t\t\t</p>\r\n", "subtitle": "\u00bfMI consumidor o cliente piensa en mi producto/servicio? Y, \u00bfc\u00f3mo lo percibe?", "solution": "estudios-mercado", "title": "Imagen y Posicionamiento"}}, {"pk": 2, "model": "data.solutions", "fields": {"url": "factibilidad-mercado", "text": "", "subtitle": "", "solution": "estudios-mercado", "title": "Factibilidad del Mercado"}}, {"pk": 3, "model": "data.solutions", "fields": {"url": "habitos-mercado", "text": "", "subtitle": "", "solution": "estudios-mercado", "title": "H\u00e1bitos de consumo"}}, {"pk": 4, "model": "data.solutions", "fields": {"url": "evaluacion-servicio-cliente", "text": "", "subtitle": "", "solution": "estudios-mercado", "title": "Evaluaci\u00f3n de servicio al cliente"}}, {"pk": 5, "model": "data.solutions", "fields": {"url": "analisis-competencia", "text": "", "subtitle": "", "solution": "estudios-mercado", "title": "Analisis de competencia"}}, {"pk": 6, "model": "data.solutions", "fields": {"url": "evaluacion-campanas-publicitarias", "text": "", "subtitle": "", "solution": "estudios-mercado", "title": "Evaluaci\u00f3n de campa\u00f1as de publicitarias"}}, {"pk": 7, "model": "data.solutions", "fields": {"url": "auditoria-servicio", "text": "", "subtitle": "", "solution": "estudios-mercado", "title": "Auditor\u00eda del servicio"}}, {"pk": 8, "model": "data.solutions", "fields": {"url": "censos-comerciales-mapas", "text": "", "subtitle": "", "solution": "estudios-mercado", "title": "Censos comerciales y mapas"}}, {"pk": 9, "model": "data.solutions", "fields": {"url": "grupos-foco", "text": "", "subtitle": "", "solution": "estudios-mercado", "title": "Grupos de foco"}}, {"pk": 10, "model": "data.solutions", "fields": {"url": "imagen-posicionamiento", "text": "", "subtitle": "", "solution": "sondeos-opinion-publica", "title": "Imagen y Percepci\u00f3n del gobierno"}}, {"pk": 11, "model": "data.solutions", "fields": {"url": "encuestas-electorales-politicas", "text": "", "subtitle": "", "solution": "sondeos-opinion-publica", "title": "Encuestas electorales y pol\u00edticas"}}, {"pk": 12, "model": "data.solutions", "fields": {"url": "imagen-personajes-publicos", "text": "", "subtitle": "", "solution": "sondeos-opinion-publica", "title": "Imagen de personajes p\u00fablicos"}}, {"pk": 13, "model": "data.solutions", "fields": {"url": "encuestas-opinion", "text": "", "subtitle": "", "solution": "sondeos-opinion-publica", "title": "Encuestas de opini\u00f3n"}}, {"pk": 14, "model": "data.solutions", "fields": {"url": "pruebas-ideas-conceptos", "text": "", "subtitle": "", "solution": "asesoria-mercadotecnia", "title": "Pruebas de ideas y conceptos"}}, {"pk": 15, "model": "data.solutions", "fields": {"url": "panel-mercadologos", "text": "", "subtitle": "", "solution": "asesoria-mercadotecnia", "title": "Panel de mercad\u00f3logos"}}, {"pk": 16, "model": "data.solutions", "fields": {"url": "asesoria-mercadotecnia", "text": "", "subtitle": "", "solution": "asesoria-mercadotecnia", "title": "Asesor\u00eda en mercadotecnia"}}, {"pk": 17, "model": "data.solutions", "fields": {"url": "hispanic-market-research", "text": "", "subtitle": "", "solution": "hispanic-market-research", "title": "Investigaci\u00f3n del mercado hispano del Sur de California"}}, {"pk": 18, "model": "data.solutions", "fields": {"url": "apoyo-logistico-campo", "text": "", "subtitle": "", "solution": "apoyo-logistico-campo", "title": "Aplicaci\u00f3n de entrevistas y supervisi\u00f3n de estudios cuantitativos."}}, {"pk": 19, "model": "data.solutions", "fields": {"url": "unibus", "text": "", "subtitle": "", "solution": "productos-focus", "title": "unibus"}}, {"pk": 20, "model": "data.solutions", "fields": {"url": "previa", "text": "", "subtitle": "", "solution": "productos-focus", "title": "previa"}}, {"pk": 21, "model": "data.solutions", "fields": {"url": "camara-gesell", "text": "", "subtitle": "", "solution": "productos-focus", "title": "C\u00e1mara Gesell"}}]