[{"pk": 1, "model": "survey.question", "fields": {"active": true, "text": "Selecciona tu color favorito", "reg_date": "2013-11-11T05:31:51Z"}}, {"pk": 2, "model": "survey.question", "fields": {"active": false, "text": "genero", "reg_date": "2013-11-11T08:24:06Z"}}, {"pk": 1, "model": "survey.answer", "fields": {"active": true, "question": 1, "value": "azul"}}, {"pk": 2, "model": "survey.answer", "fields": {"active": true, "question": 1, "value": "verde"}}, {"pk": 3, "model": "survey.answer", "fields": {"active": true, "question": 2, "value": "hombre"}}, {"pk": 4, "model": "survey.answer", "fields": {"active": true, "question": 2, "value": "mujer"}}, {"pk": 1, "model": "survey.response", "fields": {"answer": 1, "reg_date": "2013-11-11T08:21:39.872Z"}}, {"pk": 2, "model": "survey.response", "fields": {"answer": 2, "reg_date": "2013-11-11T08:23:38.105Z"}}, {"pk": 3, "model": "survey.response", "fields": {"answer": 2, "reg_date": "2013-11-11T08:23:43.734Z"}}, {"pk": 4, "model": "survey.response", "fields": {"answer": 1, "reg_date": "2013-11-11T08:23:48.502Z"}}, {"pk": 5, "model": "survey.response", "fields": {"answer": 3, "reg_date": "2013-11-11T08:25:57.265Z"}}, {"pk": 6, "model": "survey.response", "fields": {"answer": 1, "reg_date": "2013-11-11T08:28:28.076Z"}}, {"pk": 7, "model": "survey.response", "fields": {"answer": 1, "reg_date": "2013-11-11T08:33:17.641Z"}}, {"pk": 8, "model": "survey.response", "fields": {"answer": 2, "reg_date": "2013-11-11T08:34:44.779Z"}}, {"pk": 9, "model": "survey.response", "fields": {"answer": 1, "reg_date": "2013-11-11T08:35:32.386Z"}}, {"pk": 10, "model": "survey.response", "fields": {"answer": 1, "reg_date": "2013-11-11T08:38:57.889Z"}}, {"pk": 11, "model": "survey.response", "fields": {"answer": 1, "reg_date": "2013-11-11T08:39:34.571Z"}}, {"pk": 12, "model": "survey.response", "fields": {"answer": 1, "reg_date": "2013-11-11T08:40:00.175Z"}}, {"pk": 13, "model": "survey.response", "fields": {"answer": 1, "reg_date": "2013-11-11T08:50:01.524Z"}}, {"pk": 14, "model": "survey.response", "fields": {"answer": 1, "reg_date": "2013-11-11T08:58:39.675Z"}}, {"pk": 15, "model": "survey.response", "fields": {"answer": 1, "reg_date": "2013-11-11T08:58:53.512Z"}}, {"pk": 16, "model": "survey.response", "fields": {"answer": 2, "reg_date": "2013-11-11T08:58:55.418Z"}}, {"pk": 17, "model": "survey.response", "fields": {"answer": 1, "reg_date": "2013-11-11T09:00:44.600Z"}}, {"pk": 18, "model": "survey.response", "fields": {"answer": 1, "reg_date": "2013-11-11T09:01:15.461Z"}}, {"pk": 19, "model": "survey.response", "fields": {"answer": 1, "reg_date": "2013-11-11T09:01:46.998Z"}}, {"pk": 20, "model": "survey.response", "fields": {"answer": 1, "reg_date": "2013-11-11T09:07:20.778Z"}}, {"pk": 21, "model": "survey.response", "fields": {"answer": 1, "reg_date": "2013-11-11T23:35:02.969Z"}}, {"pk": 22, "model": "survey.response", "fields": {"answer": 1, "reg_date": "2013-11-11T23:35:21.081Z"}}, {"pk": 23, "model": "survey.response", "fields": {"answer": 1, "reg_date": "2013-11-11T23:36:45.414Z"}}, {"pk": 24, "model": "survey.response", "fields": {"answer": 1, "reg_date": "2013-11-11T23:36:55.364Z"}}, {"pk": 25, "model": "survey.response", "fields": {"answer": 1, "reg_date": "2013-11-11T23:37:41.315Z"}}, {"pk": 26, "model": "survey.response", "fields": {"answer": 1, "reg_date": "2013-11-11T23:40:39.540Z"}}, {"pk": 27, "model": "survey.response", "fields": {"answer": 1, "reg_date": "2013-11-11T23:41:20.649Z"}}, {"pk": 28, "model": "survey.response", "fields": {"answer": 1, "reg_date": "2013-11-11T23:42:07.680Z"}}, {"pk": 29, "model": "survey.response", "fields": {"answer": 1, "reg_date": "2013-11-11T23:43:18.870Z"}}, {"pk": 30, "model": "survey.response", "fields": {"answer": 1, "reg_date": "2013-11-12T00:08:17.443Z"}}, {"pk": 31, "model": "survey.response", "fields": {"answer": 1, "reg_date": "2013-11-12T00:09:06.776Z"}}, {"pk": 32, "model": "survey.response", "fields": {"answer": 1, "reg_date": "2013-11-12T00:09:25.845Z"}}, {"pk": 33, "model": "survey.response", "fields": {"answer": 1, "reg_date": "2013-11-12T00:10:40.530Z"}}, {"pk": 34, "model": "survey.response", "fields": {"answer": 1, "reg_date": "2013-11-12T00:10:51.886Z"}}, {"pk": 35, "model": "survey.response", "fields": {"answer": 1, "reg_date": "2013-11-12T00:10:53.127Z"}}, {"pk": 36, "model": "survey.response", "fields": {"answer": 1, "reg_date": "2013-11-12T00:11:26.604Z"}}, {"pk": 37, "model": "survey.response", "fields": {"answer": 2, "reg_date": "2013-11-12T00:11:44.900Z"}}, {"pk": 38, "model": "survey.response", "fields": {"answer": 1, "reg_date": "2013-11-12T00:13:07.259Z"}}, {"pk": 39, "model": "survey.response", "fields": {"answer": 2, "reg_date": "2013-11-12T00:13:09.410Z"}}, {"pk": 40, "model": "survey.response", "fields": {"answer": 1, "reg_date": "2013-11-12T00:13:10.982Z"}}]